Notes_delete at end;Variable / Field Name;Form Name;Section Header;Field Type;Field Label;Choices, Calculations, OR Slider Labels;Field Note;Text Validation Type OR Show Slider Number;Text Validation Min;Text Validation Max;Identifier?;Branching Logic (Show field only if...);Required Field?;Custom Alignment;Question Number (surveys only);Matrix Group Name;Matrix Ranking?;Field Annotation
;date_v1;visit_1;;text;Dato for besøget;;;date_dmy;;;;;y;;;;;Date of visit. Recorded by study staff. Visit 1.
;study_week_v1;visit_1;;text;;;;;;;;;;;;;;
admin;staff_initials_v1;visit_1;;text;Initialer for projektpersonale;;;;;;;;y;;;;;Initials of the study staff member responsible for conducting the screening. Visit 1.
admin;identified_name_cpr_v1;visit_1;;radio;Er deltageren identificereret med navn og CPR-nummer? ;1, Ja | 2, Nej;;;;;;;y;;;;;Whether the participant has been identified by full name and personal identification number (CPR). Recorded by study staff. Visit 1.
;relative_v1;visit_1;;radio;Er der pårørende med til besøget?;1, Ja | 2, Nej;;;;;;;y;;;;;Whether a relative or accompanying person is present at the visit. Recorded by study staff. Visit 1.
admin;relative_name_v1;visit_1;;text;Hvem?;;"Fx ""ægtefælle"" eller ""søster"". ";;;;;[relative_v1] = '1';y;;;;;Specifies the accompanying relative or support person present at the visit. Recorded by study staff. Visit 1.
;visit_attention_points_v1;visit_1;;notes;Opmærksomhedspunkter for besøget;;;;;;;;;;;;;Documents any important notes, considerations, or issues relevant for the visit. Visit 1.
admin;aim_screening_v1;visit_1;;radio;"<div class=""rich-text-field-label""><p>Har deltageren fået en gennemgang af formålet med informations- og screeningsbesøget?</p> <p><span style=""font-weight: normal;""><em>Se ""SOP - Inspirationssætninger til projektintro""</em></span></p></div>";1, Ja | 2, Nej;;;;;;;y;;;;;Whether the purpose of the screening visit has been explained by the study staff. Visit 1.
admin;consent_info_read_v1;visit_1;"Informeret samtykke
Der skal krydses ja på spørgsmål 1-7 for at deltageren kan inkluderes
";radio;1. Har deltageren læst den skriftlige information?;1, Ja | 2, Nej;;;;;;;y;;;;;Whether the participant has read the written information. Visit 1.
admin;consent_info_given_v1;visit_1;;radio;"<div class=""rich-text-field-label""><p>2. Er der givet mundtlig information om projektet, og hvad deltagelse indebærer? </p> <p><span style=""background-color: #bfedd2;"">OBS: Informér deltageren om, hvornår vægttabsfasen cirka kommer til at ligge for dem. Fx så de ved, at det vil strække sig over sommerferien. </span></p> <p><span style=""font-weight: normal;""><em>Se ""SOP - Inspirationssætninger til projektmedarbejder"" </em></span></p></div>";1, Ja | 2, Nej;;;;;;;y;;;;;Whether the participant has been informed about the purpose of the study and what it involves. Visit 1.
admin;consent_24h_reflection_v1;visit_1;;radio;3. Er deltageren blevet gjort opmærksom på retten til min. 24 timers betænkningstid?;1, Ja | 2, Nej;;;;;;;y;;;;;Whether the participant has been informed of their right to a minimum of 24 hours to consider participation. Visit 1.
admin;consent_24h_reflection_use_v1;visit_1;;radio;3a. Ønsker deltageren at benytte sig af 24 timers betænkningstid? ;1, Ja | 2, Nej;;;;;;;y;;;;;States if the participant wishes to use the 24-hour rule. Visit 1.
admin;consent_24h_reflection_date_info_v1;visit_1;;descriptive;"<div class=""rich-text-field-label""><p><span style=""background-color: #f1c40f;"">Der aftales telefonisk opfølgning ca. 2 hverdage efter, hvor det afklares, om kandidaten ønsker at deltage i studiet.</span></p></div>";;;;;;;[consent_24h_reflection_use_v1]='1';;;;;;Information box. Telephone follow-up to be conducted approximately two weekdays after initial contact to confirm the participant's decision regarding study participation. Visit 1.
admin;consent_24h_reflection_date_planned_participant_v1;visit_1;;radio;Er aftale for telefonisk opfølgning skrevet i deltagers kalender?;1, Ja | 2, Nej;;;;;;[consent_24h_reflection_use_v1] = '1';y;;;;;Verifies that the 24-hour reflection follow-up appointment is scheduled in the participant's calendar. Visit 1.
admin;consent_24h_reflection_date_planned_staff_v1;visit_1;;radio;Er aftale for telefonisk opfølgning skrevet i projektpersonales kalender? ;1, Ja | 2, Nej;;;;;;[consent_24h_reflection_use_v1]='1';y;;;;;Verifies that the 24-hour reflection follow-up appointment is scheduled in the staff's calendar. Visit 1.
admin;consent_questions_asked_v1;visit_1;;radio;4. Er deltageren blevet spurgt, om vedkommende har nogle spørgsmål?;1, Ja | 2, Nej;;;;;;;y;;;;;Whether the participant has been asked if there is any questions. Visit 1.
admin;consent_time_commitment_asked_v1;visit_1;;radio;5. Er deltageren blevet spurgt, om vedkommende er indstillet på det tidsforbrug, forsøgsdeltagelsen kræver?;1, Ja | 2, Nej;;;;;;;y;;;;;Whether the participant has been asked if the time requirement for the study is realistic. Visit 1.
admin;consent_signed_v1;visit_1;;radio;6. Har deltageren underskrevet samtykkeerklæringen?;1, Ja | 2, Nej;;;;;;;y;;;;;Whether the participant has signed the declaration of consent. Visit 1.
admin;staff_signed_consent_v1;visit_1;;radio;7. Har projektmedarbejderen underskrevet samtykkeerklæringen?;1, Ja | 2, Nej;;;;;;;y;;;;;Whether the staff member has signes the declaration of consent. Visit 1.
admin;consent_copy_taken_v1;visit_1;;radio;8. Er der blevet taget en fotokopi af samtykkeerklæringen?;1, Ja | 2, Nej;;;;;;;y;;;;;Whether there has been made a copy of the written consent. Visit 1.
admin;consent_copy_given_v1;visit_1;;radio;9. Har deltageret fået en fotokopi af samtykkeerklæringen?;1, Ja | 2, Nej;;;;;;;y;;;;;Whether the participant has received a copy of the written consent. Visit 1.
admin;consent_original_filed_v1;visit_1;;radio;10. Er den originale samtykkeerklæring blevet lagt i mappen på L-drevet?;1, Ja | 2, Nej;L:\Auditdata\ON LiMiT\2. Feasibility studie\10. Data\1. Samtykkeerklæring;;;;;;y;;;;;Whether the written consent has been saved on the L-drev. Visit 1.
admin;contact_other_trials_v1;visit_1;;radio;Må vi kontakte deltageren til andre forsøg?;1, Ja | 2, Nej;;;;;;;y;;;;;Participant's consent to future contact regarding other research studies, recorded verbally and documented in REDCap. Recorded by study staff. Visit 1.
admin;wants_results_v1;visit_1;;radio;Ønsker deltageren at få sine resultater fra projektet?;1, Ja | 2, Nej;;;;;;;y;;;;;Participant's preference regarding receiving their personal study results, recorded verbally and documented in REDCap. Recorded by study staff. Visit 1.
;age_v1;visit_1;"<div class=""rich-text-field-label""><h4><span style=""color: #000000;"">Screening</span></h4> <p><span style=""background-color: #e67e23;"">Udfyld først relevante felter i instrumentet ""stamdata"".</span></p> <p>Inklusionskriterier<br><span style=""font-weight: normal;"">Deltageren skal leve op til følgende inklusionskriterier</span></p></div>";text;"<div class=""rich-text-field-label""><p>Alder i år</p></div>";;Deltageren skal være ≥18 - 75 år.;number;0;100;;;y;;;;;Age of participant. V1.
;height_v1;visit_1;;text;Højde;;Angives i meter med to decimaler;number_2dp_comma_decimal;1,19;2,31;;;y;;;;;Participant's height in meters, measured with a stadiometer to the nearest 0.1 cm. Visit 1.
;weight_v1;visit_1;;text;Vægt;;Vægt i kg.  Angives med 1 decimal. Måles med let påklædning og uden sko. ;number_1dp_comma_decimal;49,9;200,1;;;y;;;;;Participant's weight in kilograms, measured with light clothing using a digital scale. Measured to the nearest 0.1 kg. Visit 1.
;bmi_v1;visit_1;;calc;BMI;round(([weight_v1])/(([height_v1])^(2)), 1);Inklusionskriterium: BMI ≥ 27.;;;;;;y;;;;;Body Mass Index (BMI) in kg/m², calculated from weight and height. Visit 1.
;bmi_eligible_v1;visit_1;;radio;Opfyldes BMI som inklusionskriterium? ;1, Ja - Deltageren har et BMI på ≥ 27 | 2, Nej - Deltageren har et BMI på < 27;Inklusionskriterium: BMI ≥ 27.;;;;;;y;;;;;Indicates whether the participant meets the BMI inclusion criterion. Recorded by study staff. Visit 1.
;t2d_diagnose_v1;visit_1;;radio;Er deltageren diagnosticeret med type 2-diabetes?;1, Ja | 2, Nej;;;;;;;y;;;;;Diagnosis status of type 2 diabetes. Visit 1.
;t2d_duration_v1;visit_1;;calc;Hvor mange år har deltageren været diagnosticeret med type 2-diabetes?;[stamdata_arm_1][t2d_duration_stamdata];"Denne information hentet instrumentet ""Stamdata"". Inklusionskriterium: T2D-varighed på ≤6 år. Det kan ses i Sundhedsplatformen under ""laboratoriesvar"", hvornår deltageren første gang har haft HbA1c > 48 mmol/mol. ";;;;;;y;;;;;Number of years since participant was diagnosed with type 2 diabetes. Visit 1.
;treatment_v1;visit_1;;checkbox;"<div class=""rich-text-field-label""><p>Får deltageren én eller flere af følgende behandlinger?<br><span style=""font-weight: normal;""><em>Hvis deltageren kan svare ja til én eller flere af behandlingerne, kan deltageren inkluderes i studiet.</em></span><br><br></p></div>";1, Livstilbehandling (f.eks. forløb hos diætist, træningsforløb eller andet) | 2, Oral antidiabetisk medicin | 3, Inkretinbaseret medicin (fx GLP-1 RA);For at blive inkluderet skal der sættes kryds ved mindst én mulighed.;;;;;[t2d_diagnose_v1] = '1';y;;;;;Current treatment approach for type 2 diabetes - lifestyle changes and/or oral antidiabetic medication and/or incretin based medicin (e.g. GLP-1 receptor agonist). Visit 1.
;weight_change_v1;visit_1;;radio;Har deltagerens vægt været nogenlunde stabil (+/- 3 kg) gennem de sidste 3 måneder?;1, Ja | 2, Nej;Inklusionskriterium: Ændringer i kropsvægt over 3 måneder ≤3 kg.;;;;;;y;;;;;Participant's self-reported weight stability over the past 3 months (±3 kg). Visit 1.
;weight_change_3months_v1;visit_1;;text;"Hvor meget har deltagerens vægt ændret sig i løbet af de sidste 3 måneder?
";;Eksklusionskriterium: Ændringer i kropsvægt over 3 måneder >3 kg. Angiv i hele tal.  ;number;0;100;;[weight_change_v1] = '2';y;;;;;Participant's self-reported weight change over the past 3 months, stated in kilograms (gain or loss). Visit 1.
;insulin_use_v1;visit_1;"<div class=""rich-text-field-label""><p>Eksklusionskriterier<br><span style=""font-weight: normal;"">Hvis deltageren svarer ja på én eller flere af nedenstående 12 kriterier, kan deltageren ikke inkluderes i ON LiMiT feasibility-studiet.</span></p></div>";radio;1. Har deltageren fået insulinbehandling inden for de sidste 6 måneder (uanset type)?;1, Ja | 2, Nej;Eksklusion hvis Ja.;;;;;;y;;;;;Insulin treatment status within the past 6 months (any type). Visit 1.
;heart_failure_v1;visit_1;;radio;"<div class=""rich-text-field-label""><p>2. Har deltageren hjertesvigt (med en pumpefunktion < 40 %) og er i behandling med eller skal starte i behandling med SGLT-2-hæmmer?</p> <p><span style=""font-weight: normal;""><em>SGLT-2-hæmmere kender deltageren ofte som Forxiga eller Jardiance. </em></span></p> <p><span style=""font-weight: normal;""><em>Medicinlisten skal gennemgås, hvor forsøgsansvarlige læge er indenover. </em></span></p></div>";1, Ja | 2, Nej;Eksklusion hvis Ja. ;;;;;;y;;;;;Presence of heart failure with reduced ejection fraction (EF < 40%) and current or planned treatment with SGLT-2 inhibitors. Self-reported by participant. Visit 1.
;cvd_v1;visit_1;;radio;"<div class=""rich-text-field-label""><p>3. Har deltageren en kendt hjerte-kar-sygdom, der omfatter tidligere blodprop i hjerte eller hjerne, hvor der er ordineret inkretinbaseret medicin og/eller SGLT-2-hæmmer?</p> <p><em><span style=""font-weight: normal;"">Inkretinbaseret medicin kender deltageren ofte som Ozempic eller Rybelsus. </span></em><br><em><span style=""font-weight: normal;"">SGLT-2-hæmmere kender deltageren ofte som Forxiga eller Jardiance.</span></em></p> <p><em><span style=""font-weight: normal;""> Medicinlisten skal gennemgås, hvor forsøgsansvarlige læge er indenover. </span></em></p></div>";1, Ja | 2, Nej;Eksklusion hvis Ja.;;;;;;y;;;;;Established CVD with prescribed GLP-1 RA and/or SGLT-2 inhibitor. Visit 1.
;kidney_disease_v1;visit_1;;radio;"<div class=""rich-text-field-label""><p>4. Har deltageren nyresygdom (eGFR < 60 ml/min og/eller albuminuri (<strong>≥ 30 mg/g</strong>) i mindst 3 måneder) og er i behandling med eller skal starte i behandling med SGLT-2-hæmmere?</p></div>";1, Ja | 2, Nej;Kan tjekkes i SP. eGFR må højst være et år gammelt, ellers må den tages d.d. til screeningsbesøg.;;;;;;y;;;;;Chronic kidney disease defined as eGFR < 60 mL/min/1.73 m² and/or albuminuria ≥ 30 mg/g for ≥ 3 months, with ongoing or planned SGLT-2 inhibitor therapy. Visit 1.
;physical_health_v1;visit_1;;radio;"<div class=""rich-text-field-label""><p>5. Har deltageren somatisk sygdom, der kontraindicerer fysisk aktivitet som planlagt i interventionen?</p> <p><span style=""font-weight: normal;""><em>Har deltageren nogle fysiske helbredsproblemer, der forhindrer deltagelse i fysisk aktivitet som planlagt i interventionen? </em></span></p></div>";1, Ja | 2, Nej;Eksklusion hvis Ja. Tal med Naja (exercise manager), hvis du er i tvivl om helbredsproblemer, som kan forhindre deltagelse i FA.;;;;;;y;;;;;Presence of physical health problems that prevent participation in planned physical activity during the intervention. Self-reported by the participant. Visit 1.
;physical_health_example_v1;visit_1;;text;"<div class=""rich-text-field-label""><p>5a. Hvilke fysiske helbredsproblemer har deltageren, som forhindrer deltagelse i fysisk aktivitet som planlagt i interventionen?</p></div>";;;;;;;[physical_health_v1] = '1';y;;;;;Description of physical health problems preventing participation in planned physical activity during the intervention. Self-reported by participant. Visit 1.
;training_notes_v1;visit_1;;text;"<div class=""rich-text-field-label""><p>Er der noget i forhold til træning, som det er relevant at være opmærksom på?<br><em><span style=""font-weight: normal;"">Det kan fx være rygsmerter eller slidgigt i højre knæ.</span></em></p></div>";;;;;;;;;;;;;Note any relevant physical limitations or conditions that may affect exercise participation, for example back pain or osteoarthritis of the right knee. Visit 1. Added from ID11.
;food_allergies_v1;visit_1;;radio;6. Har deltageren kostrestriktioner eller allergier, der forhindrer overholdelse af den planlagte kostintervention?;1, Ja | 2, Nej;Vær opmærksom på, at mælkeallergi kan gøre det vanskeligt for deltageren at gennemføre NUPO-fasen. Drøft eventuelle allergier og fødevaretolerancer med en projektdiætist (Nikoline eller Gitte) for at vurdere deltagelse i interventionen.;;;;;;y;;;;;Presence of dietary restrictions or allergies that prevent adherence to the planned dietary intervention. Self-reported by participant. Visit 1.
;food_allergies_example_v1;visit_1;;text;6a. Hvilke kostrestriktioner eller fødevareallergier har deltageren, der forhindrer vedkommende i at kunne følge den planlagte diæt?;;;;;;;[food_allergies_v1] = '1';y;;;;;Description of dietary restrictions or food allergies preventing adherence to the planned diet. Self-reported by the participant. Visit 1.
;diet_notes_v1;visit_1;;text;"<div class=""rich-text-field-label""><p>Er der noget ved deltagerens kost, som det er godt at være opmærksom på?<br><em><span style=""font-weight: normal;"">Det kan fx være, at deltageren generelt spiser kulhydratfattigt.</span></em></p></div>";;;;;;;;;;;;;Note any relevant dietary habits or restrictions, for example if the participant generally follows a low-carbohydrate diet. Visit 1. Added from ID11.
;pregnant_v1;visit_1;;radio;7. Er deltageren gravid eller planlægger graviditet inden for det næste år?;1, Ja | 2, Nej | 3, Behov for at udføre graviditetstest;Eksklusion hvis Ja.;;;;;;y;;;;;Participant's pregnancy status or plans to become pregnant within the next year. Self-reported by participant. Visit 1.
;pregnancy_test_result_v1;visit_1;;radio;7a. Hvad var graviditetstesten? ;1, Negativ | 2, Positiv;Eksklusion hvis positiv. ;;;;;[pregnant_v1]='3';y;;;;;Indicates if the participant had a negative or positive pregnancy test. 1: Negative, 2: Positive. Visit 1.
;alcohol_or_substance_misuse_v1;visit_1;;radio;8. Har deltageren et aktuelt alkohol- eller stofmisbrug eller modtager behandling for alkoholafhængighed (fx medicinsk behandling)?;1, Ja | 2, Nej;Eksklusion hvis Ja.;;;;;;y;;;;;Participant's history of alcohol or substance abuse, or current treatment for alcohol dependence (including pharmacological treatment). Self-reported by participant. Visit 1.
;psychiatric_disease_v1;visit_1;;radio;"<div class=""rich-text-field-label""><p>9. Er deltageren diagnosticeret med en psykisk lidelse?</p> <p><span style=""font-weight: normal;""><br></span><span style=""font-weight: normal;"">Som projektmedarbejder kan du sige: </span></p> <p><em><span style=""font-weight: normal;"">Har du nogensinde fået stillet en diagnose af en læge eller psykolog for en psykisk lidelse (fx depression, angst, bipolar lidelse eller lignende)?</span></em></p></div>";1, Ja | 2, Nej;;;;;;;y;;;;;Presence of psychiatric disease. Self-reported by participant. Visit 1.
;psychiatric_disease_specific_v1;visit_1;;text;9a. Hvilke(n) psykisk(e) lidelse(r)?;;Der må overvejes eksklusion ved aktiv psykotisk sygdom, manisk periode inden for det sidste år eller ubehandlet eller behandlingsrefraktær svær depression.  Spørg forsøgsansvarlig læge (Carolien) ved tvivl. ;;;;;[psychiatric_disease_v1]='1';y;;;;;Specification of psychiatric disease. Visit 1.
;psychiatric_disease_medication_change_v1;visit_1;;radio;"<div class=""rich-text-field-label""><p>9b. Hvis deltageren får medicin for psykisk lidelse, har der da været ændringer i medicinen de sidste 3 måneder?<br><br><span style=""font-weight: normal;"">Som projektmedarbejder kan du sige:</span></p> <p><em><span style=""font-weight: normal;"">Tager du medicin for den psykiske lidelse? Hvis ja, har der været ændringer i din medicin inden for de seneste 3 måneder (fx ændret dosis, præparat eller seponering)?</span></em></p></div>";1, Ja | 2, Nej;Der må overvejes eksklusion hvis ja. Tal med forsøgsansvarlig læge (Carolien). ;;;;;[psychiatric_disease_v1]='1';y;;;;;Any changes in psychiatric medication within the last 3 months. Visit 1.
;psychiatric_disease_medication_change_specific_v1;visit_1;;text;"<div class=""rich-text-field-label""><p>9c. Hvilken medicin er der tale om, og hvilke ændringer er der lavet? <br><br><span style=""font-weight: normal;"">Som projektmedarbejder kan du sige:</span></p> <p><em><span style=""font-weight: normal;"">Hvilken medicin drejer det sig om, og hvilke ændringer er der foretaget inden for de seneste 3 måneder?</span></em></p></div>";;;;;;;[psychiatric_disease_medication_change_v1]='1';y;;;;;Specification of changes in psychiatric medication within the last 3 months. Visit 1. Visit 1.
;psychiatric_hospitalization_v1;visit_1;;radio;"<div class=""rich-text-field-label""><p>9d. Har deltageren været set akut eller været indlagt i psykiatrisk regi de sidste 6 måneder?<br><br></p> <p><span style=""font-weight: normal;"">Som projektmedarbejder kan du sige:</span></p> <p><em><span style=""font-weight: normal;"">Har du inden for de seneste 6 måneder haft kontakt til psykiatrisk skadestue eller været indlagt på en psykiatrisk afdeling?</span></em></p></div>";1, Ja | 2, Nej;Der må overvejes eksklusion hvis ja. Tal med forsøgsansvarlig læge (Carolien).;;;;;[psychiatric_disease_v1]='1';y;;;;;Whether the participant has had any acute psychiatric visits or hospital admissions within the last 6 months. Visit 1.
;psychiatric_disease_barrier_v1;visit_1;;radio;9e. Vurderer projektmedarbejder, at psykisk lidelse af anden årsag end ovenstående forhindrer deltagelse i studiet?;1, Ja | 2, Nej;Eksklusion hvis Ja.;;;;;[psychiatric_disease_v1]='1';y;;;;;Whether the participant's mental condition (other than those previously mentioned) is considered to prevent study participation. Assed by study staff. Visit 1.
;psychiatric_disease_barrier_reason_v1;visit_1;;text;9f. Hvad er årsagen hertil? ;;;;;;;[psychiatric_disease_barrier_v1]='1';;;;;;Specify the reason why the mental condition is considered to prevent study participation. Recorded by study staff. Visit 1.
;binge_eating_v1;visit_1;;radio;"<div class=""rich-text-field-label""><p>10a. Er deltageren diagnosticeret med overspisningslidelse (binge eating disorder)?</p> <p><span style=""font-weight: normal;"">Som projektmedarbejder kan du sige: </span></p> <p><span style=""font-weight: normal;""><em>Har en læge eller psykolog nogensinde nævnt, at du kunne have overspisningslidelse (binge eating disorder)?</em></span></p> <p> </p></div>";1, Ja | 2, Nej;Eksklusion hvis Ja.;;;;;;y;;;;;Diagnosis status of binge eating disorder. Self-reported by participant. Visit 1.
;bed_q_diagnostic_score_v1;visit_1;;calc;"<div class=""rich-text-field-label""><p><span style=""background-color: #e67e23;"">OBS: Disse værdier ses, når deltager har udfyldt spørgeskemaet BED-Q. </span></p> <p> </p> <p>10b. Opfylder personen de diagnostiske kriterier for en BED-diagnose (ud fra BED-Q udfyldt til screeningsbesøget)?</p> <p>0 = Nej, 1 = Ja </p> <p><br><em><span style=""font-weight: normal;"">For at opfylde kriterier for en BED diagnose skal: </span></em><br><em><span style=""font-weight: normal;"">• Både spørgsmål 1 og 2 være 2 eller højere. </span></em><br><em><span style=""font-weight: normal;"">• Mindst tre spørgsmål fra 3 til 7 være 2 eller højere. </span></em><br><em><span style=""font-weight: normal;"">• Spørgsmål 8 besvares med ""Nej"" eller ""Ja, mindre end 1 gang om ugen"". </span></em><br><em><span style=""font-weight: normal;"">• Spørgsmål 9 besvares med ""Ja"". </span></em><br><br></p></div>";[besg_1__screening_arm_1][bed_q_diagnostic_score];Eksklusion hvis Ja (1);;;;;;y;;;;;Whether the participant meets the criteria for BED-diagnosis. Visit 1.
;bed_burden_score_v1;visit_1;;calc;"<div class=""rich-text-field-label""><p>10c. BED belastningsscore (fra BED-Q udfyldt til screeningsbesøget)</p> <p><em><span style=""font-weight: normal;"">Skalaen scores ved sammentælling af spørgsmål 1-7 fra 0-5 (spørgsmål 8 tælles ikke med): </span></em><br><em><span style=""font-weight: normal;"">0 = Ingen BED symptomer </span></em><br><em><span style=""font-weight: normal;"">1-9 = Sub-kliniske BED symptomer </span></em><br><em><span style=""font-weight: normal;"">10-14 = Mulig indikation for BED, mild grad </span></em><br><em><span style=""font-weight: normal;"">15-21 = Mulig indikation for BED, moderat grad </span></em><br><em><span style=""font-weight: normal;"">22-28 = Mulig indikation for BED, svær grad </span></em><br><em><span style=""font-weight: normal;"">29-35 = Mulig indikation for BED, ekstrem grad </span></em><br><em><span style=""font-weight: normal;"">Minimum er 0; Maksimum er 35 </span></em></p></div>";[besg_1__screening_arm_1][bed_q_burden_score];;;;;;;y;;;;;BED burden score. Visit 1.
;other_intervention_v1;visit_1;;radio;11. Er deltageren medvirkende (eller planlægger at medvirke) i andre kliniske forsøg, der indebærer livsstilsintervention eller medicinsk behandling? ;1, Ja | 2, Nej;Eksklusion hvis Ja.;;;;;;y;;;;;Participation status or plans to participate in another intervention study (medical or lifestyle) involving alternative treatment. Self-reported by participant. Visit 1.
;language_barrier_v1;visit_1;;radio;12. Har deltageren udfordringer med at forstå dansk - både skriftligt og mundtligt?;1, Ja | 2, Nej;Eksklusion hvis Ja.;;;;;;y;;;;;Participant's difficulties in understanding Danish, both written and spoken. Self-reported by participant and assessed by study staff. Visit 1.
;compliance_risk_v1;visit_1;;radio;13. Er det vurderet, at deltageren vil kunne overholde forsøgets procedurer og/eller interventioner (f.eks. fremmøde, målinger, vejledninger)?;1, Ja | 2, Nej | 3, Til vurdering;"Eksklusion hvis Nej. Hvis ""til vurdering"" tages kontakt til Anne-Ditte, Carolien eller Mie. ";;;;;;y;;;;;Assessment of whether the participant is unlikely to comply with study procedures and/or interventions (e.g., attendance, measurements, counselling). Assessed by study staff. Visit 1.
;compliance_risk_expl_v1;visit_1;;text;13a. Uddyb vurdering.;;;;;;;[compliance_risk_v1]='2' or [compliance_risk_v1]='3';;;;;;Notes explaining the assessment of the participant's likelihood to comply with study procedures and/or interventions. Reported by study staff. Visit 1.
;medicinelist_v1;visit_1;Medicingennemgang - brug medicinlisten fra FMK;radio;Er medicinlisten gennemgået med deltageren og eventuelle ændringer noteret tydeligt?;1, Ja | 2, Nej;Hvis et præparat ikke tages, streges dette ud fra medicinlisten og ophørsdato angives.;;;;;;y;;;;;Indicates if the medicine list from FMK has been reviewed with the participant and possible changes. Visit 4.
;antidiabetics_medicine_v1;visit_1;;checkbox;Deltager tager følgende antidiabetika:;1, Metformin | 2, SGLT-2-hæmmer (Canagliflozin (Invokana), Dapagliflozin (Forxiga), Empagliflozin (Jardiance)) | 3, DPP-IV-hæmmer (Sitagliptin (Januvia), Linagliptin (Trajenta)) | 4, Sulfonylurinstof (Gliclazid, Glimepirid) | 5, GLP-1-receptoragonist (Semaglutid s.c. (Ozempic), Semaglutid p.o. (Rybelsus), Dulaglutid s.c. (Trulicity), Tirzepatid (Mounjaro)) | 6, Andet præparat | 7, Deltager tager ikke antidiabetika;Ved kombinationspræparater, vælg begge typer antidiabetika og skriv dosis for hver type adskilt. Eks. Janumet, Metformin: 500 mg og Sitagliptin: 50 mg.;;;;;;y;;;;;Lists which antidiabetic medications the participant uses. Visit 4.
;metformin_dose_v1;visit_1;;text;Metformin dosis: ;;Mg/dag;number;;;;[antidiabetics_medicine_v1(1)] = '1';y;;;;;States the metformin dose. Mg/day. Visit 4.
;sglt2_type_v1;visit_1;;checkbox;Hvilken SGLT-2-hæmmer?;1, Canagliflozin (Invokana) | 2, Dapagliflozin (Forxiga) | 3, Empagliflozin (Jardiance) | 4, Andet;;;;;;[antidiabetics_medicine_v1(2)] = '1';y;;;;;Specifies which SGLT-2 inhibitor the participant uses. Visit 4.
;canagliflozin_dose_v1;visit_1;;text;Canagliflozin (Invokana) dosis:;;Mg/dag;number;;;;[sglt2_type_v1(1)] = '1';y;;;;;States the Canagliflozin dose. Mg/day. Visit 4.
;dapagliflozin_dose_v1;visit_1;;text;Dapagliflozin (Forxiga) dosis:;;Mg/dag;number;;;;[sglt2_type_v1(2)] = '1';y;;;;;States the Dapagliflozin dose. Mg/day. Visit 4.
;empagliflozin_dose_v1;visit_1;;text;Empagliflozin (Jardiance) dosis:;;Mg/dag;number;;;;[sglt2_type_v1(3)] = '1';y;;;;;States the Empagliflozin dose. Mg/day. Visit 4.
;other_sglt2_v1;visit_1;;text;Anden SGLT-2-hæmmer navn:;;;alpha_only;;;;[sglt2_type_v1(4)] = '1';y;;;;;Specifies the name of the SGLT-2 inhibitor if not reported on the provided list. Visit 4.
;other_sglt2_dose_v1;visit_1;;text;Anden SGLT-2-hæmmer dosis:;;Mg/dag;number;;;;[sglt2_type_v1(4)] = '1';y;;;;;"States the dose of ""other SGLT-2 inhibitor"". Mg/day. Visit 4."
;dppiv_type_v1;visit_1;;checkbox;Hvilken DPP-IV-hæmmer?;1, Sitagliptin (Januvia) | 2, Linagliptin (Trajenta) | 3, Andet;;;;;;[antidiabetics_medicine_v1(3)] = '1';y;;;;;Specifies which DPP-4 inhibitor the participant uses. Visit 4.
;sitagliptin_dose_v1;visit_1;;text;Sitagliptin (Januvia) dosis:;;Mg/dag;number;;;;[dppiv_type_v1(1)] = '1';y;;;;;States the Sitagliptin dose. Mg/day. Visit 4.
;linagliptin_dose_v1;visit_1;;text;Linagliptin (Trajenta) dosis: ;;;;;;;[dppiv_type_v1(2)] = '1';y;;;;;States the Linagliptin dose. Mg/day. Visit 4.
;other_dppiv_v1;visit_1;;text;Anden DPP-IV-hæmmer navn:;;;alpha_only;;;;[dppiv_type_v1(3)] = '1';y;;;;;Specifies the name of the DPP-IV inhibitor if not reported on the provided list. Visit 4.
;other_dppiv_dose_v1;visit_1;;text;Anden DPP-IV-hæmmer dosis:;;Mg/dag;number;;;;[dppiv_type_v1(3)] = '1';y;;;;;"States the dose of ""other DPP-IV inhibitor"". Mg/day. Visit 4."
;sulfonyl_type_v1;visit_1;;checkbox;Hvilket sulfonylurinstof:;1, Gliclazid | 2, Glimepirid | 3, Andet;;;;;;[antidiabetics_medicine_v1(4)] = '1';y;;;;;Specifies which sulfonylurea the participant uses. Visit 4.
;gliclazid_dose_v1;visit_1;;text;Gliclazid dosis:;;Mg/dag;number;;;;[sulfonyl_type_v1(1)] = '1';y;;;;;States the Gliclazid dose. Mg/day. Visit 4.
;glimepirid_dose_v1;visit_1;;text;Glimepirid dosis:;;Mg/dag;number;;;;[sulfonyl_type_v1(2)] = '1';y;;;;;States the Glimepirid dose. Mg/day. Visit 4.
;other_sulfonyl_name_v1;visit_1;;text;Andet sulfonylurinstof navn:;;;alpha_only;;;;[sulfonyl_type_v1(3)] = '1';y;;;;;Specifies the name of the sulfonylurea if not reported on the provided list. Visit 4.
;other_sulfonyl_dose_v1;visit_1;;text;Andet sulfonylurinstof dosis:;;Mg/dag;number;;;;[sulfonyl_type_v1(3)] = '1';y;;;;;"States the dose of ""other sulfonylurea"". Mg/day. Visit 4."
;glp1ra_type_v1;visit_1;;checkbox;Hvilken GLP-1-receptoragonist? ;1, Semaglutid s.c. (Ozempic) | 2, Semaglutid p.o. (Rybelsus) | 3, Dulaglutid s.c. (Trulicity) | 5, Tirzepatid (Mounjaro) | 4, Andet;;;;;;[antidiabetics_medicine_v1(5)] = '1';y;;;;;Specifies which GLP-1 receptor agonist the participant uses. Visit 4.
;semaglutid_sc_dose_v1;visit_1;;text;Semaglutid s.c. (Ozempic) dosis:;;Mg/uge;number;;;;[glp1ra_type_v1(1)] = '1';y;;;;;States the Semsglutid s.c. dose. Mg/week. Visit 4.
;semaglutid_po_dose_v1;visit_1;;text;Semaglutid p.o. (Rybelsus) dosis:;;Mg/dag;number;;;;[glp1ra_type_v1(2)] = '1';y;;;;;States the Semaglutid p.o. dose. Mg/day. Visit 4.
;dulaglutid_sc_dose_v1;visit_1;;text;Dulaglutid s.c. (Trulicity) dosis:;;Mg/uge;number;;;;[glp1ra_type_v1(3)] = '1';y;;;;;States the Dulaglutid dose. Mg/week. Visit 4.
;tirzepatid_dose_v1;visit_1;;text;Tirzepatid s.c. (Mounjaro) dosis:;;Mg/uge;number;;;;[glp1ra_type_v1(5)] = '1';y;;;;;States the Tirzepatid dose. Mg/week. Visit 4.
;other_glp1ra_v1;visit_1;;text;Anden GLP-1-receptoragonist navn:;;;alpha_only;;;;[glp1ra_type_v1(4)] = '1';y;;;;;Specifies the name of the GLP-1 receptor agonist if not reported on the provided list. Visit 4.
;other_glp1ra_dose_v1;visit_1;;text;Anden GLP-1-receptoragonist dosis:;;Mg;number;;;;[glp1ra_type_v1(4)] = '1';y;;;;;"States the dose of ""other GLP-1 receptor agonist"". Mg/day or mg/week. Visit 4."
;other_glp1ra_dose_unit_v1;visit_1;;radio;Mg/dag eller mg/uge?;1, Mg/dag | 2, Mg/uge;;;;;;[glp1ra_type_v1(4)]='1';y;;;;;"Specifies if the dose of ""other GLP-1 receptor agonist"" is mg/day or mg/week. Visit 4."
;other_antidiabetic_v1;visit_1;;text;Anden antidiabetika navn: ;;;alpha_only;;;;[antidiabetics_medicine_v1(6)] = '1';y;;;;;Specifies antidiabetics if not reported on the provided list. Visit 4.
;other_antidiabetic_dose_v1;visit_1;;text;Anden antidiabetika dosis:;;Mg/dag;number;;;;[antidiabetics_medicine_v1(6)] = '1';y;;;;;"States the dose of ""other antidiabetics"". Mg/day. Visit 4."
;antihypertensive_medicine_v1;visit_1;;checkbox;Deltager tager følgende antihypertensiva:;1, Thiazid (bendroflumethiazid m. KCl, hydrochlorthiazid) | 2, Calciumantagonist (amlodipin, lercanidipin, verapamil, diltiazem) | 3, ACE-hæmmer (enalapril, ramipril) | 4, Angiotensin-II-receptorblokker (losartan, candesartan) | 5, Andet præparat | 6, Deltager tager ikke antihypertensiva;Ved kombinationspræparater, kryds begge indholdsstoffer af og skriv dosis hver for sig.;;;;;;y;;;;;Lists which antihypertensive medications the participant uses. Visit 4.
;thiazid_type_v1;visit_1;;checkbox;Hvilket thiazid?;1, Bendroflumethiazid m. KCl | 2, Hydrochlorthiazid | 3, Andet;;;;;;[antihypertensive_medicine_v1(1)] = '1';y;;;;;Specifies which thiazide the participant uses. Visit 4.
;bendroflumethiazid_dose_v1;visit_1;;text;Bendroflumethiazid m. KCl dosis:;;Mg/dag;number;;;;[thiazid_type_v1(1)] = '1';y;;;;;States the Bendroflumethiazid with KCl dose. Mg/day. Visit 4.
;hydrochlorthiazid_dose_v1;visit_1;;text;Hydrochlorthiazid dosis:;;Mg/dag;number;;;;[thiazid_type_v1(2)] = '1';y;;;;;States the Hydrochlorthiazid dose. Mg/day. Visit 4.
;other_thiazid_v1;visit_1;;text;Andet thiazid navn:;;;alpha_only;;;;[thiazid_type_v1(3)] = '1';y;;;;;Specifies the name of the thiazide if not reported on the provided list. Visit 4.
;other_thiazid_dose_v1;visit_1;;text;Andet thiazid dosis:;;Mg/dag;number;;;;[thiazid_type_v1(3)] = '1';y;;;;;"States the dose of ""other thiazide"". Mg/day. Visit 4."
;calciumantagonist_type_v1;visit_1;;checkbox;Hvilken calciumantagonist?;1, Amlodipin | 2, Lercanidipin | 3, Verapamil | 4, Diltiazem | 5, Andet;;;;;;[antihypertensive_medicine_v1(2)] = '1';y;;;;;Specifies which calcium channel blocker the participant uses. Visit 4.
;amlodipin_dose_v1;visit_1;;text;Amlodipin dosis:;;Mg/dag;number;;;;[calciumantagonist_type_v1(1)] = '1';y;;;;;States the Amlodipin dose. Mg/day. Visit 4.
;lercanidipin_dose_v1;visit_1;;text;Lercanidipin dosis:;;Mg/dag;number;;;;[calciumantagonist_type_v1(2)] = '1';y;;;;;States the Lercanidipin dose. Mg/day. Visit 4.
;verapamil_dose_v1;visit_1;;text;Verapamil dosis: ;;Mg/dag;;;;;[calciumantagonist_type_v1(3)] = '1';y;;;;;States the Verapamil dose. Mg/day. Visit 4.
;diltiazem_dose_v1;visit_1;;text;Diltiazem dosis: ;;Mg/dag;;;;;[calciumantagonist_type_v1(4)] = '1';y;;;;;States the Diltiazem dose. Mg/day. Visit 4.
;other_calciumantagonist_v1;visit_1;;text;Anden calciumantagonist navn:;;;alpha_only;;;;[calciumantagonist_type_v1(5)] = '1';y;;;;;Specifies the name of the calcium channel blocker if not reported on the provided list. Visit 4.
;othter_calciumantagonist_dose_v1;visit_1;;text;Anden calciumantagonist dosis:;;Mg/dag;number;;;;[calciumantagonist_type_v1(5)] = '1';y;;;;;"States the dose of ""other calcium channel blocker"". Mg/day. Visit 4."
;ace_type_v1;visit_1;;checkbox;Hvilken ACE-hæmmer?;1, Enalapril | 2, Ramipril | 3, Andet;;;;;;[antihypertensive_medicine_v1(3)] = '1';y;;;;;Specifies which ACE inhibitor the participant uses. Visit 4.
;enalapril_dose_v1;visit_1;;text;Enalapril dosis:;;Mg/dag;number;;;;[ace_type_v1(1)] = '1';y;;;;;States the Enalapril dose. Mg/day. Visit 4.
;ramipril_dose_v1;visit_1;;text;Ramipril dosis:;;Mg/dag;number;;;;[ace_type_v1(2)] = '1';y;;;;;States the Ramipril dose. Mg/day. Visit 4.
;other_ace_v1;visit_1;;text;Anden ACE-hæmmer navn:;;;alpha_only;;;;[ace_type_v1(3)] = '1';y;;;;;Specifies the name of the ACE inhibitor if not reported on the provided list. Visit 4.
;other_ace_dose_v1;visit_1;;text;Anden ACE-hæmmer dosis:;;Mg/dag;number;;;;[ace_type_v1(3)] = '1';y;;;;;"States the dose of ""other ACE inhibitor"". Mg/day. Visit 4."
;angiotensin_ii_type_v1;visit_1;;checkbox;Hvilken angiotensin-II-receptorblokker?;1, Losartan | 2, Candesartan | 3, Andet;;;;;;[antihypertensive_medicine_v1(4)] = '1';y;;;;;Specifies which ARB the participant uses. Visit 4.
;losartan_dose_v1;visit_1;;text;"Losartan dosis:
";;Mg/dag;number;;;;[angiotensin_ii_type_v1(1)] = '1';y;;;;;States the Losartan dose. Mg/day. Visit 4.
;candesartan_dose_v1;visit_1;;text;Candesartan dosis:;;Mg/dag;number;;;;[angiotensin_ii_type_v1(2)] = '1';y;;;;;States the Candesartan dose. Mg/day. Visit 4.
;other_angiotensin_ii_v1;visit_1;;text;Anden angiotensin-II-receptorblokker navn:;;;alpha_only;;;;[angiotensin_ii_type_v1(3)] = '1';y;;;;;Specifies the name of the ARB if not reported on the provided list. Visit 4.
;other_angiotensin_ii_dose_v1;visit_1;;text;Anden angiotensin-II-receptorblokker dosis:;;Mg/dag;number;;;;[angiotensin_ii_type_v1(3)] = '1';y;;;;;"States the dose of ""other ARB"". Mg/day. Visit 4."
;other_antihypertensiva_v1;visit_1;;text;Hvis anden antihypertensiva, skriv præparatnavn her:;;;alpha_only;;;;[antihypertensive_medicine_v1(5)] = '1';y;;;;;Specifies antihypertensive medicine if not reported on the provided list. Visit 4.
;other_antihypertensiva_dose_v1;visit_1;;text;Anden antihypertensiva dosis: ;;Mg/dag;number;;;;[antihypertensive_medicine_v1(5)] = '1';y;;;;;"States the dose of ""other antihypertensive medicine"". Mg/day. Visit 4."
;statins_medicine_v1;visit_1;;checkbox;Deltager tager følgende statiner:;1, Atorvastatin | 2, Simvastatin | 3, Rosuvastatin | 5, Gemfibrozil (Lopid) | 6, Ezetimib | 4, Andet præparat | 7, Deltager tager ikke statiner;;;;;;;y;;;;;Lists which statins the participant uses. Visit 4.
;atorvastatin_dose_v1;visit_1;;text;Atorvastatin dosis:;;Mg/dag;number;;;;[statins_medicine_v1(1)] = '1';y;;;;;States the Atorvastatin dose. Mg/day. Visit 4.
;simvastatin_dose_v1;visit_1;;text;Simvastatin dosis:;;Mg/dag;number;;;;[statins_medicine_v1(2)] = '1';y;;;;;States the Simvastatin dose. Mg/day. Visit 4.
;rosuvastatin_dose_v1;visit_1;;text;Rosuvastatin dosis:;;Mg/dag;number;;;;[statins_medicine_v1(3)] = '1';y;;;;;States the Rosuvastatin dose. Mg/day. Visit 4.
;gemfibrozil_dose_v1;visit_1;;text;Gemfibrozil (Lopid) dosis: ;;Mg/dag;;;;;[statins_medicine_v1(5)]='1';y;;;;;States the Gemfibrozil dose. Mg/day. Visit 4.
;ezetimib_dose_v1;visit_1;;text;Ezetimib dosis:;;Mg/dag;;;;;[statins_medicine_v1(6)]='1';y;;;;;States the Ezetimib dose. Mg/day. Visit 4.
;other_statins_v1;visit_1;;text;Hvis andre statiner, skriv præparatnavn her:;;;alpha_only;;;;[antihypertensive_medicine_v1(5)] = '1';y;;;;;Specifies the name of statins if not reported on the provided list. Visit 4.
;other_statins_dose_v1;visit_1;;text;Andre statiner dosis: ;;Mg/dag;number;;;;[antihypertensive_medicine_v1(5)] = '1';y;;;;;"States the dose of ""other statins"". Mg/day. Visit 4."
;other_medicine_v1;visit_1;;radio;"Tager deltageren anden medicin end angivet ovenfor?
";1, Ja | 2, Nej;Al anden medicin angives med navn, indhold og dosis;;;;;;y;;;;;Indicates if the participant takes any other medicine apart from antidiabetic and antihypertensive drugs. Visit 4.
;other_medicine_name_v1;visit_1;;notes;Navn:;;Skriv forskellige præparater adskilt med ,;;;;;[other_medicine_v1] = '1';y;;;;;Specifies the brand names of other medications used by the participant. Visit 4.
;other_medicine_content_v1;visit_1;;notes;Indhold:;;Skriv præparatets virkningsstof. Forskellige præparater adskilles med , i samme rækkefølge som ovenfor;;;;;[other_medicine_v1] = '1';y;;;;;Specifies the generic names of other medications used by the participant. Visit 4.
;other_medicine_dose_v1;visit_1;;notes;Dosis:;;Angives i mg/dag og adskilles med , i samme rækkefølge som to ovenstående punkter;;;;;[other_medicine_v1] = '1';y;;;;;Specifies the doses of other medications used by the participant. Visit 4.
;supplements_v1;visit_1;;radio;Tager deltageren nogle former for vitamin-/mineraltilskud eller andre kosttilskud?;1, Ja | 2, Nej;Noter disse på medicinlisten med navn, indhold og dosis;;;;;;y;;;;;Indicates if the participant takes any nutritional supplements e.g. vitamins or minerals. Visit 4.
;supplements_name_v1;visit_1;;notes;Navn:;;Skriv forskellige tilskud adskilt med ,;;;;;[supplements_v1] = '1';y;;;;;States the names of nutritional supplements. Visit 4.
;supplements_content_v1;visit_1;;notes;Indhold:;;Skriv kosttilskuddets indhold. Forskellige kosttilskud adskilles med , i samme rækkefølge som ovenfor;;;;;[supplements_v1] = '1';y;;;;;States the composition of nutritional supplements. Visit 4.
;supplements_dose_v1;visit_1;;notes;Dosis:;;Angives i mg eller mcg (angiv tydeligt hvilken) og adskilles med , i samme rækkefølge som to ovenstående punkter;;;;;[supplements_v1] = '1';y;;;;;States the doses of nutritional supplements. Mg/day. Visit 4.
;medicine_list_physical_v1;visit_1;;radio;Er den opdaterede medicinliste lagt i mappen på kontoret under deltagerens ID?;1, Ja | 2, Nej;;;;;;;y;;;;;Medicin list placed in the folder with ID-number. Visit 4.
;medicine_list_upload_v1;visit_1;;file;Upload medicinliste inkl. kommentarer;;;;;;;;y;;;;;The reviewed medcine list incl. notes. Visit 4.
;medicine_doctor_v1;visit_1;;radio;Skal medicin gennemgås med læge?;1, Ja | 2, Nej;;;;;;;y;;;;;Indicates whether the medicine list needs to be reviewed by a doctor. Visit 4.
;medicine_doctor_review_v1;visit_1;;radio;Er medicin blevet gennemgået med læge?;1, Ja | 2, Nej;Notér plan i feltet under 'Afvigelser';;;;;[medicine_doctor_v1] = '1';y;;;;;Indicates if the medicine list has been reviewed by a doctor. Visit 4.
;screening_complete_v1;visit_1;Opsummering: In- og eksklusionskriterier ;radio;Er screeningsinstrumentet fuldstændig udfyldt?;1, Ja | 2, Nej;;;;;;;y;;;sum_criteria_v1;;Whether the screening instrument is completed.. Visit 1.
;inclusion_criteria_met_v1;visit_1;;radio;Er inklusionskriterier opfyldt?;1, Ja | 2, Nej;;;;;;;y;;;sum_criteria_v1;;Whether the inclusion criterias were met. Visit 1.
;exclusion_criteria_reviewed_v1;visit_1;;radio;Er eksklusionskriterierne gennemgået?;1, Ja | 2, Nej;;;;;;;y;;;sum_criteria_v1;;Whether the exclusion criterias are reviewed. Visit 1.
;stamdata_complete_v1;visit_1;;radio;Er nødvendig data om personen i stamdata-instrumentet registreret?;1, Ja | 2, Nej;;;;;;;y;;;sum_criteria_v1;;Whether all the necessary data is registered in stamdata. Visit 1.
;inclusion_v1;visit_1;;radio;Kan deltageren inkluderes i ON LiMiT feasibility-studiet?;1, Ja | 2, Nej | 3, Til vurdering;;;;;;;y;;;;;Assessment of participant eligibility for inclusion in the ON LiMiT feasibility study, based on screening. Asssed by study staff. Visit 1.
;inclusion_assessment_expl_v1;visit_1;;text;Uddyb vurdering.;;;;;;;[inclusion_v1] = '3';;;;;;Notes explaining whether the participant can be included in the ON LiMiT feasibility study. Reported by study staff. Visit 1
;screening_exclusion_v1;visit_1;;descriptive;"<div class=""rich-text-field-label""><h6><span style=""color: #e03e2d;"">Hvis deltager udgår ved screeningen, gå til stamdata, og uddyb hvorfor.</span></h6></div>";;;;;;;[inclusion_v1] = '2';;;;;;Instructions for study staff to go to master data and register withdrawal during screening. Visit 1.
;blood_sample_taken_v1;visit_1;"<div class=""rich-text-field-label""><p>Blodprøvetagning og EKG</p> <p><span style=""font-weight: normal;"">Som en del af screeningen skal deltageren have taget en blodprøve.</span></p> <p><span style=""font-weight: normal;"">Der måles HbA1c, glukose, GAD65-antistof og C-peptid (ikke-fastende). </span></p> <p><span style=""font-weight: normal;"">Der er svar på HbA1c og C-peptid inden for 1 time. Der er svar på GAD65-antistof inden for 1 uge. </span></p></div>";radio;Har deltageren fået taget en blodprøve?;1, Ja | 2, Nej;;;;;;;y;;;;;Whether participant had a blood sample taken. Visit 1.
;blood_sample_not_v1;visit_1;;text;Hvis nej, hvorfor ikke;;Angiv årsag til, hvorfor deltageren ikke har fået taget en blodprøve.;;;;;[blood_sample_taken_v1] = '2';;;;;;Reason to why the bloodsample has not been taken. Recorded by study staff. Visit 1.
;comment_blood_sample_v1;visit_1;;notes;Kommentar til blodprøve mv.;;;;;;;;;LV;;;;Comments regarding the bloodsample. Recorded by study staff. Visit 1.
;hba1c_value_v1;visit_1;;text;HbA1c: ;;Inklusionskriterium: HbA1c mellem 36-86 mmmol/mol .;number;;;;[blood_sample_taken_v1] = '1';y;;;;;Participant's HbA1c in mmol/mol, assessed from blood sample collected in non-fasting state. Visit 1.
;hba1c_exclusion_v1;visit_1;;descriptive;"<div class=""rich-text-field-label""><p>Eksklusionskriterium HbA1c > 86 mmol/mol.</p></div>";;;;;;;[hba1c_value_v1] >86;;;;;;Information box. Exclusion criteria HbA1c > 86 mmol/mol. Visit 1.
;hba1c_gad65_cpeptid_v1;visit_1;;checkbox;"<div class=""rich-text-field-label""><p>Hvis deltagerens HbA1c ≥ 60 mmol/mol og deltageren er i behandling med ≥ 2 antidiabetiske lægemidler, opfylder deltageren følgende: </p> <p> </p> <p><span style=""font-weight: normal;""><em>OBS: Svar C-peptid < 1 time, svar GAD65-antistof op til 1 uge. </em></span></p></div>";1, GAD65-antistof er positiv | 2, C-peptid (stimuleret) < 800 pM | 3, Afventer svar på GAD65-antistof;Eksklusion, hvis deltageren opfylder én eller begge valgmuligheder.;;;;;[hba1c_value_v1] >= 60 and [hba1c_value_v1] < 87;;;;;;Participant's GAD65 and/or C-peptid assessed from blood sample collected in non-fasting state. Visit 1.
;gad65_value_v1;visit_1;;radio;"<div class=""rich-text-field-label""><p>GAD65-antistof:</p> <p><span style=""font-weight: normal;""><em>Svar efter ca. 1 uge. Udfyldes, når svaret foreligger. </em></span></p></div>";1, Negativ | 2, Positiv;;;;;;[blood_sample_taken_v1] = '1';y;;;;;Participants GAD65 assessed from blood sample collected in non-fastin state. Visit 1.
;gad65_waiting_v1;visit_1;;radio;"<div class=""rich-text-field-label""><p>Gør så meget som muligt færdigt i screeningsbesøget. <br>Der planlægges en opfølgende telefonsamtale. Er den planlagt? Husk at skrive aftalen ind i projektpersonales Outlook-kalender og deltagerens kalender. <br><br><em><span style=""font-weight: normal;"">Hvis GAD65-antistof er negativ: Kandidaten opfylder ikke eksklusionskriteriet. Der bookes en ny tid til at afslutte screeningsbesøget. </span></em></p> <p><br><em><span style=""font-weight: normal;"">Hvis GAD65-antistof er positiv: Kandidaten opfylder eksklusionskriteriet og kan ikke inkluderes i studiet.</span></em></p></div>";1, Ja | 2, Nej;;;;;;[hba1c_gad65_cpeptid_v1(3)]='1';y;;;;;If GAD65 results are pending: Complete as much as possible during the screening visit. Schedule a follow-up phone call. Visit 1.
;cpeptid_value_v1;visit_1;;text;C-peptid:;;pmol/L;number;;;;[blood_sample_taken_v1] = '1';y;;;;;Participant's C-peptid in pmol/L, assessed from blood sample collected in non-fasting state. Visit 1.
;glucose_value_v1;visit_1;;text;Ikke-fastende glukose:;;mmol/L;number_1dp_comma_decimal;;;;[blood_sample_taken_v1] = '1';y;;;;;Participant's glucose, assessed fom blood sample collected in non-fasting state. Visit 1.
;ecg_performed_v1;visit_1;;radio;Har deltageren fået taget et EKG?;1, Ja | 2, Nej;;;;;;;y;;;;;Record wether the participant has had an ECG taken. Recorded by study staff. Visit 1.
;ecg_not_v1;visit_1;;text;Hvis nej, hvorfor ikke;;Angiv årsag til, hvorfor deltageren ikke har fået taget EKG.;;;;;[ecg_performed_v1] = '2';;;;;;Reason to why ECG has not been taken. Recorded by study staff. Visit 1.
;egc_approved_v1;visit_1;;radio;"<div class=""rich-text-field-label""><p>Er EKG godkendt af en læge?</p> <p><em><span style=""font-weight: normal;"">Når man tager EKG'et, og man på apparatet trykker ""godkend"" eller ""udført"", sendes det automatisk til deltagerens SP. Her kan lægen også åbne det og kigge det igennem, hvis ikke lægen er til stede til selve screeningen.</span></em></p></div>";1, Ja | 2, Nej;;;;;;[ecg_performed_v1] = '1';y;;;;;Whether the ECG has been checked by a doctor. Recorded by study staff. Visit 1.
;waist_hip_clothing_v;visit_1;Talje-/hoftemål;text;Hvilken påklædning bliver deltageren målt i?;;Skal være let påklædning;;;;;;y;;;;;Indicates what type of clothing the participant is wearing during the waist and hip measurements. Visit 4.
;waist_1_v;visit_1;;text;"<div class=""rich-text-field-label""><p>Taljemål 1<br><span style=""font-weight: normal;""><em>Noteres med 1 decimal (fx 98,0).</em></span></p></div>";;Taljeomkreds måles halvvejs mellem det laveste punkt på ribbenene og det højeste punkt på hoftekammen. Måles til nærmeste 0.5 cm. Måling af taljeomkreds udføres to gange. Hvis differencen mellem de to målinger er mere end 3 cm, skal der laves en tredje måling. ;number_1dp_comma_decimal;;;;;y;;;;;Waist measurement 1 in cm. Visit 4.
;waist_2_v;visit_1;;text;"<div class=""rich-text-field-label""><p>Taljemål 2<br><span style=""font-weight: normal;""><em>Noteres med 1 decimal (fx 98,0).</em></span></p></div>";;;number_1dp_comma_decimal;;;;;y;;;;;Waist measurement 2 in cm. Visit 4.
;waist_average_v;visit_1;;calc;Taljemål, gennemsnit;([waist_1_v]+[waist_2_v])/2;;;;;;;y;;;;;The average of the waist measurements in cm. Visit 4.
;hip_1_v;visit_1;;text;"<div class=""rich-text-field-label""><p>Hoftemål 1<br><span style=""font-weight: normal;""><em>Noteres med 1 decimal (fx 98,0).</em></span></p></div>";;Hofteomkreds måles ud for ydre lårbensfremspring/trochanter major. Måles til nærmeste 0.5 cm. Målingen udføres to gange. Hvis der er mere end 3 cm forskel på de to målinger, foretages en tredje måling.;number_1dp_comma_decimal;;;;;y;;;;;Hip measurement 1 in cm. Visit 4.
;hip_2_v;visit_1;;text;"<div class=""rich-text-field-label""><p>Hoftemål 2<br><span style=""font-weight: normal;""><em>Noteres med 1 decimal (fx 98,0).</em></span></p></div>";;;number_1dp_comma_decimal;;;;;y;;;;;Hip measurement 2 in cm. Visit 4.
;hip_average_v;visit_1;;calc;Hoftemål, gennemsnit;([hip_1_v]+[hip_2_v])/2;;;;;;;y;;;;;The average of the two hip measurements in cm. Visit 4.
;waist_hip_ratio_v;visit_1;;calc;Talje-/hofteratio;round([waist_average_v]/[hip_average_v], 2);;;;;;;y;;;;;The waist hip ratio in cm. Calculated using the average of the 2 waist measurements and 2 hip measurements. Visit 4.
admin;bp_information_v;visit_;Blodtryk;descriptive;"<div class=""rich-text-field-label""><p><span style=""background-color: #3598db;"">Første gang deltageren skal have målt blodtryk, skal det undersøges, om blodtrykket er ens på </span><br><span style=""background-color: #3598db;"">begge arme. Der måles</span></p> <ul> <li><span style=""background-color: #3598db;"">3 blodtryk på højre arm</span></li> <li><span style=""background-color: #3598db;"">3 blodtryk på venstre arm</span></li> </ul> <p><span style=""background-color: #3598db;"">Gennemsnittet udregnes ud fra de 2 sidste af de 3 målinger på hver arm. </span></p> <p><span style=""background-color: #3598db;"">Hvis forskellen er ≤10 mmHg systolisk, da anvendes den ikke-dominante arm.</span></p> <p><span style=""background-color: #3598db;"">Hvis forskellen er > 10 mmHg systolisk, bør der foretages yderligere måling i den oprindelige arm for at sikre, at forskellen er konsistent. Er forskellen fortsat > 10 mmHg systolisk, da </span><span style=""background-color: #3598db;"">anvendes armen med højest systolisk blodtryk til alle efterfølgende målinger. </span></p></div>";;;;;;;;;;;;;Descriptive text. First BP assessment only. Measure BP 3 times in each arm. Use the mean of the last 2 measurements on each arm. If systolic inter-arm difference is ≤10 mmHg, use the non-dominant arm. If >10 mmHg, repeat measurement in the original arm to confirm consistency. If still >10 mmHg, use the arm with the higher systolic BP for all subsequent measurements. Visit 2.
;sys_bp_left-arm_1_measure_v;visit_;;text;Systolisk blodtryk venstre arm 1;;mmHg;number;60;260;;;y;;;;;"Systolic blood pressure in mmHg, left arm, first measurement.
Participant sitting after approximately 5-10 minutes of rest. Visit 2."
;dia_bp_left-arm_1_measure_v;visit_;;text;Diastolisk blodtryk venstre arm 1;;mmHg;number;30;150;;;y;;;;;"Diastolic blood pressure in mmHg, left arm, first measurement.
Participant sitting after approximately 5-10 minutes of rest. Visit 2."
;sys_bp_left-arm_2_measure_v;visit_;;text;Systolisk blodtryk venstre arm 2;;mmHg;number;60;260;;;y;;;;;"Systolic blood pressure in mmHg, left arm, second measurement.
Participant sitting after approximately 5-10 minutes of rest. Visit 2."
;dia_bp_left-arm_2_measure_v;visit_;;text;Diastolisk blodtryk venstre arm 2;;mmHg;number;30;150;;;y;;;;;"Diastolic blood pressure in mmHg, left arm, second measurement.
Participant sitting after approximately 5-10 minutes of rest. Visit 2."
;sys_bp_left-arm_3_measure_v;visit_;;text;Systolisk blodtryk venstre arm 3;;mmHg;number;60;260;;;y;;;;;"Systolic blood pressure in mmHg, left arm, third measurement.
Participant sitting after approximately 5-10 minutes of rest. Visit 2."
;dia_bp_left-arm_3_measure_v;visit_;;text;Diastolisk blodtryk venstre arm 3;;mmHg;number;30;150;;;y;;;;;"Diastolic blood pressure in mmHg, left arm, third measurement.
Participant sitting after approximately 5-10 minutes of rest. Visit 2."
;sys_bp_right-arm_1_measure_v;visit_;;text;Systolisk blodtryk højre arm 1;;mmHg;number;60;260;;;y;;;;;"Systolic blood pressure in mmHg, right arm, first measurement.
Participant sitting after approximately 5-10 minutes of rest. Visit 2."
;dia_bp_right-arm_1_measure_v;visit_;;text;Diastolisk blodtryk højre arm 1;;mmHg;number;30;150;;;y;;;;;"Diastolic blood pressure in mmHg, right arm, first measurement.
Participant sitting after approximately 5-10 minutes of rest. Visit 2."
;sys_bp_right-arm_2_measure_v;visit_;;text;Systolisk blodtryk højre arm 2;;mmHg;number;60;260;;;y;;;;;"Systolic blood pressure in mmHg, right arm, second measurement.
Participant sitting after approximately 5-10 minutes of rest. Visit 2."
;dia_bp_right-arm_2_measure_v;visit_;;text;Diastolisk blodtryk højre arm 2;;mmHg;number;30;150;;;y;;;;;"Diastolic blood pressure in mmHg, right arm, second measurement.
Participant sitting after approximately 5-10 minutes of rest. Visit 2."
;sys_bp_right-arm_3_measure_v;visit_;;text;Systolisk blodtryk højre arm 3;;mmHg;number;60;260;;;y;;;;;"Systolic blood pressure in mmHg, right arm, third measurement.
Participant sitting after approximately 5-10 minutes of rest. Visit 2."
;dia_bp_right-arm_3_measure_v;visit_;;text;Diastolisk blodtryk højre arm 2;;mmHg;number;30;150;;;y;;;;;"Diastolic blood pressure in mmHg, right arm, third measurement.
Participant sitting after approximately 5-10 minutes of rest. Visit 2."
;sys_bp_left-arm_mean-value_v;visit_;;calc;Gennemsnit systolisk blodtryk, venstre arm;"if(
  [sys_bp_left_3_v2]<>'' and [sys_bp_left_2_v2]<>'',
  ([sys_bp_left_3_v2]+[sys_bp_left_2_v2])/2,
  if(
    [sys_bp_left_3_v2]<>'' and [sys_bp_left_2_v2]='',
    [sys_bp_left_3_v2],
    if(
      [sys_bp_left_3_v2]='' and [sys_bp_left_2_v2]<>'',
      [sys_bp_left_2_v2],
      '')))";mmH;;;;;;y;;;;;Automatically calculated as the mean of two systolic BP measurements on left arm. Visit 2.
;sys_bp_right-arm_mean-value_v;visit_;;calc;Gennemsnit systolisk blodtryk, højre arm;"if(
  [sys_bp_right_3_v2]<>'' and [sys_bp_right_2_v2]<>'',
  ([sys_bp_right_3_v2]+[sys_bp_right_2_v2])/2,
  if(
    [sys_bp_right_3_v2]<>'' and [sys_bp_right_2_v2]='',
    [sys_bp_right_3_v2],
    if(
      [sys_bp_right_3_v2]='' and [sys_bp_right_2_v2]<>'',
      [sys_bp_right_2_v2],
      ''
    )
  ))";mmHg;;;;;;y;;;;;Automatically calculated as the mean of two systolic BP measurements on right arm. Visit 2.
admin;bp_chosen_arm_v;visit_;;radio;"<div class=""rich-text-field-label""><p>Hvilken arm tages blodtryk på fremadrettet? <br><br></p> <p><span style=""font-weight: normal;""><em>Hvis forskellen er > 10 mmHg systolisk, anvendes armen med højeste værdi til blodtryksmåling </em></span><br><span style=""font-weight: normal;""><em>fremadrettet. Hvis forskellen er < 10 mmHg systolisk, da anvendes den ikke-dominante arm.</em></span></p></div>";1, Venstre | 2, Højre;;;;;;;y;;;;;Arm used for future blood pressure measurements. Visit 2.
;pulse_measure_1_v;visit_;;text;Puls 1;;bpm;number;30;200;;;y;;;;;"Pulse in bpm first measurement.
Participant sitting, measured after approximately 5-10 minutes of rest. Visit 4."
;pulse_measure_2_v;visit_;;text;Puls 2;;bpm;number;30;200;;;y;;;;;"Pulse in bpm second measurement.
Participant sitting, measured after approximately 5-10 minutes of rest. Visit 4."
;pulse_measure_3_v;visit_;;text;Puls 3;;bpm;number;30;200;;;y;;;;;"Pulse in bpm third measurement.
Participant sitting, measured after approximately 5-10 minutes of rest. Visit 4."
;pulse_mean-value_v;visit_;;calc;Puls, gennemsnit ;"if(
  [pulse_3_v4]<>'' and [pulse_2_v4]<>'',
  ([pulse_3_v4]+[pulse_2_v4])/2,
  if(
    [pulse_3_v4]<>'' and [pulse_2_v4]='',
    [pulse_3_v4],
    if(
      [pulse_3_v4]='' and [pulse_2_v4]<>'',
      [pulse_2_v4],
      '')))";bpm;;;;;;;;;;;"Calculates pulse based on the last available measurements: mean of measurement 2 and 3 if both are present; otherwise uses the most recent available (measurement 3 or 2). Bpm. Visit 4."
;height_v;visit_;;calc;Højde;[besg_1__screening_arm_1][height_v1];;;;;;;y;;;;;Participant's height in meters, measured with a stadiometer to the nearest 0.1 cm. Visit 4.
;weight_v;visit_;;text;"Vægt:
OBS! foretages inden DXA på alm vægt/bioimpedansvægt";;Vægt i let påklædning, uden sko og i kg med én decimal. ;number_1dp_comma_decimal;49,9;200,1;;;y;;;;;Participant's weight in kilograms, measured with light clothing using a digital scale. Measured to the nearest 0.1 kg. Visit 4.
admin;weight_location_v;visit_;;text;Hvilket lokale blev vægten målt i?;;Fx: 2.26 ;;;;;;y;;;;;Indicates which scale in which room that was used for weighing the participant. Visit 4.
;bmi_v;visit_;;calc;BMI;round(([weight_v])/(([height_v])^(2)), 1);;;;;;;y;;;;;Body Mass Index (BMI) in kg/m², calculated from weight and height. Visit 4.
admin;screening_done_v1;visit_;;descriptive;"<div class=""rich-text-field-label""><p><span style=""font-size: 12pt;"">Screening er nu afsluttet, og deltageren skal forberedes til studiet</span></p> <p>Følgende skal nu gennemføres:</p> <p><span style=""font-weight: normal;"">1. Planlægning af de kommende besøg + udlevering af deltagermappe</span></p> <p><span style=""font-weight: normal;"">2. Liva Healthcare: Introduktion til og installation af studieapp på telefonen</span></p> <p><span style=""font-weight: normal;"">3. MyFood24-login: Introduktion til 3-dages kostregistrering</span></p> <p><span style=""font-weight: normal;"">4. CGM: Introduktion til glukosemåling i hjemmet og påsætning af blodsukkersensor</span></p> <p><span style=""font-weight: normal;"">5. Aktivitetsmåler (SENS): Introduktion til aktivitetsmåler i hjemmet og påsætning af aktivitetsmåler</span></p> <p><span style=""font-weight: normal;"">6. Prøvebeholder: </span><span style=""font-weight: normal;"">Udlevering og information om materiale til indsamling af afføringsprøver hjemme</span></p> <p><span style=""font-weight: normal;"">7. Introduktion til Mixed Meal Tolerance Test (MMTT) </span></p></div>";;;;;;;;;;;;;Indication that the screening is complete and the participant should be prepared for visit 2. Visit 1.
admin;visit2_scheduled_v1;visit_;1. Planlægning af kommende besøg + udlevering af deltagermappe m.m.;radio;"<div class=""rich-text-field-label""><p>Er besøgstider for V2, V3 og V4 booket ind i deltagerens kalender og/eller Liva?<br><span style=""font-weight: normal;"">Husk at opdatere bookinginstrumentet!</span></p></div>";1, Ja | 2, Nej;Deltageren skal gerne have booket tid til besøg 2, 3 og 4. ;;;;;;y;;;;;Indicate whether the participant's visit appointments have been entered into their own calendar or into Liva. Visit 1.
admin;appointments_booked_outlook_calendar_v1;visit_;;radio;Er besøgstider for V2, V3 og V4 booket ind i ON LiMiT-kalenderen i Outlook? ;1, Ja | 2, Nej;;;;;;;y;;;;;Indicate whether the visit appointments for V2, V3, and V4 have been entered into the ON LiMiT calendar in Outlook. Visit 1. Added from ID15.
admin;appointments_booked_sp_v1;visit_;;radio;Er besøgstider for V2, V3 og V4 booket ind i SP? ;1, Ja | 2, Nej;;;;;;;y;;;;;Indicate whether the visit appointments for V2, V3, and V4 have been booked in SP. Visit 1. Added from ID15.
admin;sp_reminder_installed_v1;visit_;;radio;Har deltageren 'Min SP', så deltageren kan se aftaletidspunkter, og der kan modtages påmindelser om tider i projektet?;1, Ja | 2, Nej;;;;;;;y;;;;;"Whether the participant has access to ""Min SP"" to view scheduled appointment times and receive reminders for study visits. Visit 1."
admin;mysp_guidance_v1;visit_;;descriptive;Vejled deltageren i at logge på 'Min SP'. ;;"Tilmelding på www.borger.dk. Søg på ""Nem SMS"" så bliver man guidet (MitID skal benyttes). Deltager kan også få hjælp i receptionen (Min SP) ";;;;;[sp_reminder_installed_v1] = '2';;;;;;"Guiding of participant to log in to ""Min SP"" and, if applicable, provided with the folder ""Følg med i din behandling"". Visit 1."
admin;easy_sms_v1;visit_;;radio;Er deltageren tilmeldt NemSMS, så der automatisk udsendes påmindelser om aftaler?;1, Ja | 2, Nej;Hvis deltageren ønsker tilmelding til NemSMS, gøres dette med det samme i SP. Gå ind under aftaler og ude i højre side tilmeldes deltager NemSMS.;;;;;;y;;;;;Whether the participant is enrolled in nemSMS for automatic reminders of study appointments. Visit 1.
admin;research_active_sp_v1;visit_;;radio;Er deltageren gjort forskningsaktiv i SP? ;1, Ja | 2, Nej;;;;;;;y;;;;;Indicate whether the participant has been marked as research-active in SP. Visit 1. Added from ID15.
admin;sp_note_visit_v1;visit_;;radio;Er der skrevet et notat for besøget i SP? ;1, Ja | 2, Nej;;;;;;;y;;;;;Indicates whether a note for the visit is documented in SP. Visit 1. Added from ID19.
admin;handed_out_v1;visit_;;radio;Er der udleveret deltagermappe?;1, Ja | 2, Nej;;;;;;;y;;;;;States if the participant has been handed the participant folder. Visit 1.
admin;participant_folder_v1;visit_;;radio;Er informationen i deltagermappen gennemgået? Bed deltageren om at medbringe deltagermappen hver gang, de er til besøg;1, Ja | 2, Nej;;;;;;;y;;;;;Whether the information in the participant folder has been reviewed. Participant is instructed to bring the folder to each visit. Visit 1.
admin;participant_folder_questioins_v1;visit_;;radio;Har deltageren nogle spørgsmål til materialet i deltagermappen?;1, Ja | 2, Nej;;;;;;[participant_folder_v1] = '1';y;;;;;Whether the participant has any questions regarding the material in the participant folder. Visit 1.
admin;study_app_installation_v1;visit_;2. Liva Healthcare: Introduktion til og installation af studieapp på telefonen;radio;Har deltageren fået installeret studieappen (Liva) på sin telefon? ;1, Ja | 2, Nej;"Se ""SOP Liva Healthcare""";;;;;;y;;;;;Whether the participant has the study app installed on their telephone. Visit 1.
admin;study_app_not_installed_reason_v1;visit_;;notes;Hvad er årsagen til, at deltageren IKKE har fået installeret studieappen?;;;;;;;[study_app_installation_v1] = '2';y;;;;;Reason as to why the study app is not installed. Visit 1.
admin;study_app_install_plan_v1;visit_;;radio;Er der en plan for, hvordan og hvornår studieappen bliver installeret?;1, Ja | 2, Nej;;;;;;[study_app_installation_v1] = '2';y;;;;;A plan for when the study app will be installed. Visit 1.
admin;study_app_not_installed_plan_v1;visit_;;notes;Hvad er der aftalt med deltageren vedrørende installation af studieappen?;;;;;;;[study_app_install_plan_v1] = '1';;;;;;Agreement with the participant regarding installation of the study app. Visit 1.
admin;study_app_instruction_v1;visit_;;radio;"<div class=""rich-text-field-label""><p>Er deltageren blevet instrueret i brugen af studieappen og informeret om monitorering gennem studieappen?</p> <p><span style=""text-decoration: underline;""><span style=""font-weight: normal;"">Som projektmedarbejder kan du sige: </span></span></p> <p><em><span style=""font-weight: normal;"">""S</span></em><span style=""font-weight: normal;""><i>tudieappen vil fungere som din digitale støtte under hele forløbet. Det er her, du har din personlige sundhedsvejledning lige ved hånden på din smartphone.<br><br></i><i>I appen kan du nemt registrere dine hjemmemålinger, som fx vægt, blodsukker og blodtryk. Når du registrerer dine målinger, kan vi i projektet følge med og reagere, hvis der er noget, vi skal være opmærksomme på undervejs. Det hjælper os med at støtte dig bedst muligt undervejs og sikre, at alt forløber, som det skal. Hvis vi kan se, at du fx ikke har fået trænet som planlagt, ikke har registreret dine måltider, eller hvis noget ser anderledes ud end forventet, så rækker vi ud for at høre, hvordan det går, og hvordan vi eventuelt kan hjælpe dig.<br><br></i><i>Appen hjælper dig også med at huske, hvornår du skal lave dine hjemmeprøver og -målinger. Du vil få påmindelser i appen, så du ikke selv skal holde styr på det hele.<br><br></i><i>Appen gør det desuden også let for dig at komme i kontakt med projektets diætister, trænere og andre projektmedarbejdere. Har du spørgsmål, er i tvivl om noget eller har brug for støtte, kan du altid skrive til os direkte i appen.<br></i><i><br>Derudover giver appen mulighed for et online fællesskab med de andre deltagere i din gruppe, hvor I kan dele erfaringer, stille spørgsmål og støtte hinanden undervejs</i><em>"".</em></span></p> <p><span style=""background-color: #f1c40f;"">Vis, hvordan man ser besøg, skriver en besked og registrerer et mål. </span></p></div>";1, Ja | 2, Nej;;;;;;;y;;;;;Whether the participant has been instructed in using the study app and has been informed about monitoring via the study app. Visit 1.
admin;diet_record_explained_v1;visit_;3. MyFood24: Introduktion til 3-dages kostregistrering;radio;"<div class=""rich-text-field-label""><p>Er instruktionerne for udfyldelse af en 3-dages kostregistrering på MyFood24 gennemgået med deltageren?</p> <p><em><span style=""font-weight: normal;"">Brug link til at se/vise: <a href=""https://myfood24.org/da/users/invite/a1e4c9b2-7906-4d74-998d-7b3c671309a9"" target=""_blank"" rel=""noopener"">Hvordan det ser ud for deltageren</a></span></em></p> <p><span style=""font-weight: normal;""><span style=""text-decoration: underline;"">Som projektmedarbejder kan du sige</span>: </span></p> <p><span style=""font-weight: normal;""><i>""Du skal registrere din kost 5 gange i løbet af projektperioden: Uge 0 (baseline), 18, 24, 26 og 51. Kostregistreringen foregår via en hjemmeside som hedder MyFood24. Når det er tid til at registrere, modtager du et link gennem studieappen (Liva), som sender dig en påmindelse og et personligt link. Hvis du ikke udfylder registreringen, udsender vi op til 3 remindere. Hvis registreringen stadig ikke er gennemført, bliver du kontaktet af projektdiætisten.</i></span></p> <p><span style=""font-weight: normal;""><i>""Du skal hver gang kostregistrere i 3 dage. Dvs. hver af de 3 dage skal du bruge samme link og vælge den aktuelle dato samt huske at trykke ""Afslut"" hver dag, så du ser ""Mange tak fordi du udfyldte MyFood24"" (vis dem evt. billede fra deltagermappe). Du skal hver dag angive, hvilke fødevarer du har spist og eventuelle drikkevarer med så præcise portionsstørrelser som muligt. Du vil ikke behøve at veje din mad, da MyFood24 indeholder forskellige billeder og estimater, som hjælper dig med at angive mængden.""</i></span></p> <p><span style=""font-weight: normal;""><i>""I din deltagermappe finder du en trinvis guide til, hvordan du foretager en kostregistrering.""</i></span></p></div>";1, Ja | 2, Nej;;;;;;;y;;;;;Whether the instructions for completing the 3-day dietary registration in MyFood24 (link) have been reviewed with the participant. Visit 1.
admin;myfood24_calendar_v1;visit_;;radio;"Er der oprettet en aftale i ON LiMiT-kalenderen om at sende link til deltageren i Liva?
Skriv fx ""Send link til MyFood24 til ID09"". Invitér projektdiætister til aftalen (NP og GS). ";1, Ja | 2, Nej;;;;;;;y;;;;;"Create a calendar appointment in the ON LiMiT calendar to send the link to the participant via Liva. For example: ""Send MyFood24 link to ID09"". Invite the project dietitians NP and GS to the appointment. Visit 1. Added from ID11."
admin;cgm_info_v1;visit_;4. CGM: Introduktion til glukosemåling i hjemmet og påsætning af glukosemåler;radio;"<div class=""rich-text-field-label""><p>Har deltageren fået information om brugen af blodsukkersensor (CGM)?<br><br><span style=""font-weight: normal;"">Information om brug til blodsukkersensor (CGM).</span></p> <p><span style=""text-decoration: underline; font-weight: normal;""><em>Som projektmedarbejder kan du sige:</em></span></p> <p><em><span style=""font-weight: normal;"">""Ved denne undersøgelse påsætter vi en blodsukkersensor på dig, som du skal bære i 10 dage. I dag sætter vi den på, og sætter derefter sammen en påmindelse i din personlige kalender, når der er gået 10 dage om, at du skal tage den af. </span></em></p> <p><em><span style=""font-weight: normal;"">Blodsukkersensoren vil automatisk måde dit blodsukker hele døgnet i de 10 dage du har den på og gemme målingerne.</span></em></p> <p><em><span style=""font-weight: normal;"">Når du tager blodsukkersensoren af, skal du ligge den i denne zip-pose, og tage den med til næste besøg. Når vi modtager blodsukkersensoren fra dig, vil vi aflæse målingerne. </span></em><br><em><span style=""font-weight: normal;""><br>Når du bærer blodsukkersensoren i de 10 dage, skal du leve, som du normalt gør (dvs. gå i bad mm. som du plejer). Dog kan eks. hyppig sauna øge risikoen for, at sensoren falder af før tid. </span></em></p> <p><em><span style=""font-weight: normal;"">Hvis den falder af - eller hvis der opstår spørgsmål - kan du ringe til ON LiMiT projekttelefonen: 21 47 18 16.</span></em><em><span style=""font-weight: normal;"">""</span></em></p></div>";1, Ja | 2, Nej;;;;;;;y;;;;;Whether the participant has been informed about the use of CGM. Visit 1.
admin;cgm_v1;visit_;;radio;Er blodsukkersensoren (CGM) påsat?;1, Ja | 2, Nej;;;;;;;y;;;;;Indicates whether the participant has been fitted with a CGM. Visit 1.
admin;cgm_no_v1;visit_;;text;"Hvis ""nej"", hvorfor ikke?";;;;;;;[cgm_v1] = '2';y;;;;;The reason why, if the participant didn't get the CGM on. Visit 1.
admin;sensorid_v1;visit_;;text;Sensor ID-nummer: ;;Kombination af tal og bogstaver.;;;;;[cgm_v1] = '1';y;;;;;The sensors ID number. Visit 1.
admin;cgmreader_v1;visit_;;radio;Hvilken reader blev brugt til at indlæse sensoren? ;1, 1 | 2, 2 | 3, 3;OBS! Samme reader SKAL bruges til at aflæse sensoren når den tages af/ afleveres 14 dage efter.;;;;;[cgm_v1] = '1';y;;;;;The number of the CGM reader. Visit 1.
admin;gcm_envelop_given_v1;visit_;;radio;Har deltageren fået udleveret en zippose (CGM sensornummer påskrevet), som deltageren kan lægge CGM'en i efter aftagning - eller hvis den falder af?;1, Ja | 2, Nej;;;;;;[cgm_v1] = '1';y;;;;;Whether the participant has received a zip bag for the CGM. Visit 1.
admin;sens_download_phone_v1;visit_;5. Aktivitetsmåler (SENS): Introduktion til aktivitetsmåler i hjemmet og påsætning af aktivitetsmåler;radio;"<div class=""rich-text-field-label""><p>Har deltageren fået downloadet SENS motion appen på sin mobil eller tablet?</p> <p><em><span style=""font-weight: normal;"">I deltagermappen findes ""SOP SENS Påsætning"", som har en QR-kode, deltagerne kan scanne for at downloade SENS motion app (Appstore og Google Play Store). </span></em></p></div>";1, Ja | 2, Nej;;;;;;;y;;;;;Whether the participant has downloaded the SENS app to their phone. Visit 1.
admin;sens_id_nr_v1;visit_;;text;Angiv nummer på den klargjorte aktivitetsmåler:;;Klistermærke på bagsiden af sensoren, eks:  I-54B.61F;;;;;;y;;;;;Identification of the SENS tracker. Visit 1.
admin;sens_turned_on_v1;visit_;;radio;"<div class=""rich-text-field-label""><p>Er aktivitetsmåleren tændt og måleperiode registreret i SENS webappen?<br><br><span style=""font-weight: normal;""><em>OBS: Tjek batteri.</em></span></p></div>";1, Ja | 2, Nej;;;;;;;y;;;;;Indicates if tracker is turned on and time period for measuring registred in webapp. Visit 1.
admin;sens_applied_v1;visit_;;radio;Er aktivitetsmåler (SENS) påsat?;1, Ja | 2, Nej;;;;;;;y;;;;;Whether SENS device has been applied. Visit 1.
admin;sens_notapplied_reason_v1;visit_;;notes;Hvad er årsagen til, at deltageren ikke har fået påmonteret aktivitetsmåler (SENS)?;;;;;;;[sens_applied_v1] = '2';y;;;;;Reason why the SENS accelerometer was not applied. Recorded by study staff. Visit 1.
admin;sens_application_date_v1;visit_;;text;Dato for påsættelse af aktivitetsmåler (SENS):;;;date_dmy;01/01/2025;01/01/2030;;[sens_applied_v9] = '1';y;;;;;Date of SENS application. Visit 1.
admin;sens_info_v1;visit_;;radio;"<div class=""rich-text-field-label""><p>Har deltageren fået information om brugen af aktivitetsmåler (SENS)?<br><br><span style=""font-weight: normal;""><span style=""text-decoration: underline;"">Information om brug til SENS</span>:</span></p> <p><em><span style=""font-weight: normal;"">""Du vil under projektperioden skulle have påsat en aktivitetsmåler (SENS) fire gange, og bære den i en måleperiode på 10 dage. Vi sætter en på dig i dag, som du vil skulle have på i 10 dage. Derefter må du tage den af. Du får en zippose med hjem, som du kan ligge den I og medbringe til næste besøg.</span></em></p> <p><em><span style=""font-weight: normal;"">Du må gerne tage korte brusebade, og du kan kortvarigt opholde dig i vand (f.eks. svømmehal eller havvand). Dog anbefales det ikke at opholde sig i længere badekar, spa eller meget varm vand. Derudover fraråder vi også, at du går i sauna i perioden du bærer aktivitetsmåleren.</span></em></p> <p><em><span style=""font-weight: normal;"">Du får et ekstra plaster med hjem i tilfælde af, at aktivitetsmåleren falder af og skal påsættes igen. Hvis dette sker, bør du notere i skemaet (i zipposen) hvornår aktivitetsmåleren blev fjernet, hvornår den blev påsat igen og evt. årsag til aftagningen. </span></em></p> <p><em><span style=""font-weight: normal;"">I din deltagermappe finder du en trinvis guide til, hvordan du påsætter aktivitetsmåleren igen. Hvis der bliver udfordringer med at påsætte aktivitetsmåleren igen, kontakter du os og vi finder ud af det sammen.</span></em></p> <p><em><span style=""font-weight: normal;"">Appen skal åbnes i nærheden af aktivitetsmåleren én gang i døgnet. Her skal du blot åbne appen <span style=""text-decoration: underline;"">uden</span> at trykke på noget, da data automatisk overføres når appen har forbindelse til aktivitetsmåleren. Lad appen forblive åben i et par minutter. Du kan eksempelvis gøre dette hver aften, mens du børster tænder.</span></em><em><span style=""font-weight: normal;""> I deltagermappen kan læse mere om hvordan du kan se om appen overfører data fra sensoren.</span></em></p> <p> </p></div>";1, Ja | 2, Nej;;;;;;[sens_applied_v9] = '1';y;;;;;Whether the participant has received information about SENS. Visit 1.
admin;sens_patches_and_zip_given_v1;visit_;;radio;Har deltageren fået udleveret zippose (ekstra plaster og registreringsskema)?;1, Ja | 2, Nej;;;;;;[sens_applied_v9] = '1';y;;;;;Indicates if participant has received zip bag with extra patches. Visit 1.
admin;stoolkit_given_visit2_v1;visit_;6. Prøvebeholder: Udlevering og information om materiale til indsamling af afføringsprøve hjemme;radio;"<div class=""rich-text-field-label""><p>Har deltageren fået udleveret information og materiale til hjemmetagning af afføringsprøver forud for besøg 2?<br><br><span style=""text-decoration: underline;""><span style=""font-weight: normal;"">Som projektmedarbejder kan du sige:</span></span></p> <p><em><span style=""font-weight: normal;"">""Under projektperioden vil du i alt fire gange skulle foretage en afføringsprøve. Det skal ske forud for besøg 2, 6, 8 og 10*. Jeg udleverer materialerne til dig i dag. I din deltagermappe kan du finde en trinvis guide til, hvordan du foretager en afføringsprøve.""  </span></em></p> <p><span style=""font-weight: normal;"">*Brug gerne figuren ""tidslinje"" til at pege på de gældende besøg. </span></p></div>";1, Ja | 2, Nej;;;;;;;y;;;;;Whether participant has received information and materials for stool sample home collection prior to Visit 2. Visit 1.
;;;;;;;;;;;;;;;;;;
;;;;;;;;;;;;;;;;;;
;bed_q_instruction;binge_eating_disorder_q;BED-Q;descriptive;"Vi vil bede dig udfylde et kort spørgeskema om dine spisevaner de seneste måneder. Det handler især om episoder, hvor man kan komme til at spise mere, end man havde tænkt sig. Der er ikke rigtige eller forkerte svar, og mange oplever noget af det, der bliver spurgt om.
Det vigtigste er, at du svarer så ærligt som muligt, så vi får et godt grundlag for at forstå din situation.


Instruktioner til spørgeskemaet:

Angiv hvor mange episoder med tvangsoverspisning du har haft om ugen gennem de seneste tre måneder.
Tvangsoverspisning betyder, at du indenfor kort tid (fx to timer) spiser væsenligt mere, end hvad der er
normalt, og at du ikke kan kontrollere, hvor meget du spiser.

Sæt kryds (""X"") ved hvor mange episoder med tvangsoverspisning du har haft om ugen.
Hvis det er forskelligt, hvor mange episoder med tvangsoverspisning du har haft om ugen, gennem de
seneste tre måneder, så angiv et gennemsnit (fx 20 episoder på 12 uger = 1-3 episoder om ugen).

Har du ikke haft episoder med tvangsoverspisning indenfor de seneste tre måneder, skal du svare ""Nej"" i
alle spørgsmålene. Husk at besvare alle spørgsmålene.


Inden for <u>de seneste tre måneder</u>, har du:";;;;;;;;;;;;;Introduction to BED-Q.
;bed_q_1;binge_eating_disorder_q;;radio;1. Haft episoder med tvangsoverspisning? (dvs. at du indenfor et kort tidsrum (fx to timer) spiste væsentligt mere, end hvad der er normalt)?;0, Nej | 1, Ja, mindre end 1 gang om ugen | 2, Ja, 1-3 gange om ugen | 3, Ja, 4-7 gange om ugen | 4, Ja, 8-13 gange om ugen | 5, Ja, 14 eller flere gange om ugen;;;;;;;y;;;;;Binge eating episode defined as eating a significantly larger amount of food than normal within a short time period, indicative of loss of control.
;bed_q_2;binge_eating_disorder_q;;radio;2. Mistet kontrollen over din spisning ved disse episoder? (fx at du ikke kunne stoppe med at spise, eller kontrollere, hvor meget du spiste?);0, Nej | 1, Ja, mindre end 1 gang om ugen | 2, Ja, 1-3 gange om ugen | 3, Ja, 4-7 gange om ugen | 4, Ja, 8-13 gange om ugen | 5, Ja, 14 eller flere gange om ugen;;;;;;;y;;;;;Loss of control over eating during binge episodes, including inability to stop or regulate intake.
;bed_q_3;binge_eating_disorder_q;;radio;3. Haft episoder med tvangsoverspisning, hvor du spiste hurtigere end normalt?;0, Nej | 1, Ja, mindre end 1 gang om ugen | 2, Ja, 1-3 gange om ugen | 3, Ja, 4-7 gange om ugen | 4, Ja, 8-13 gange om ugen | 5, Ja, 14 eller flere gange om ugen;;;;;;;y;;;;;Rapid eating during binge episodes compared to usual eating pace.
;bed_q_4;binge_eating_disorder_q;;radio;4. Haft episoder med tvangsoverspisning, hvor du spiste, til du var ubehagelig mæt?;0, Nej | 1, Ja, mindre end 1 gang om ugen | 2, Ja, 1-3 gange om ugen | 3, Ja, 4-7 gange om ugen | 4, Ja, 8-13 gange om ugen | 5, Ja, 14 eller flere gange om ugen;;;;;;;y;;;;;Eating to the point of uncomfortable fullness during binge episodes.
;bed_q_5;binge_eating_disorder_q;;radio;5. Haft episoder med tvangsoverspisning, hvor du spiste store mængder mad, selvom du ikke var sulten?;0, Nej | 1, Ja, mindre end 1 gang om ugen | 2, Ja, 1-3 gange om ugen | 3, Ja, 4-7 gange om ugen | 4, Ja, 8-13 gange om ugen | 5, Ja, 14 eller flere gange om ugen;;;;;;;y;;;;;Eating large amounts of food without feeling physically hungry during binge eating episodes.
;bed_q_6;binge_eating_disorder_q;;radio;6. Haft episoder med tvangsoverspisning, hvor du spiste alene, fordi du var flov over, hvor meget du spiste?;0, Nej | 1, Ja, mindre end 1 gang om ugen | 2, Ja, 1-3 gange om ugen | 3, Ja, 4-7 gange om ugen | 4, Ja, 8-13 gange om ugen | 5, Ja, 14 eller flere gange om ugen;;;;;;;y;;;;;Eating alone during binge eating episodes due to embarrassment about the amount consumed.
;bed_q_7;binge_eating_disorder_q;;radio;7. Haft episoder med tvangsoverspisning, hvor du følte væmmelse, depression eller skyld efter episoderne?;0, Nej | 1, Ja, mindre end 1 gang om ugen | 2, Ja, 1-3 gange om ugen | 3, Ja, 4-7 gange om ugen | 4, Ja, 8-13 gange om ugen | 5, Ja, 14 eller flere gange om ugen;;;;;;;y;;;;;Negative emotions after binge eating episodes, including feelings of disgust, depression, or guilt.
;bed_q_8;binge_eating_disorder_q;;radio;8. Kastet op efter episoder med tvangsoverspisning?;0, Nej | 1, Ja, mindre end 1 gang om ugen | 2, Ja, 1-3 gange om ugen | 3, Ja, 4-7 gange om ugen | 4, Ja, 8-13 gange om ugen | 5, Ja, 14 eller flere gange om ugen;;;;;;;y;;;;;Vomiting following binge eating episodes.
;bed_q_9;binge_eating_disorder_q;;radio;9. Er du meget belastet af dine episoder med tvangsoverspisning?;0, Nej | 1, Ja;;;;;;;y;;;;;Marked distress associated with binge eating behavior.
;bed_q_burden_score;binge_eating_disorder_q;;calc;BED belastningsscore;[bed_q_1] + [bed_q_2] + [bed_q_3] + [bed_q_4] + [bed_q_5] + [bed_q_6] + [bed_q_7];;;;;;;y;;;;;BED symptom burden score derived from binge eating questionnaire items.
;bed_q_diagnostic_score;binge_eating_disorder_q;;calc;BED diagnostisk score;"if(
  [bed_q_1] >= 2
  and [bed_q_2] >= 2
  and (
      ([bed_q_3] >= 2) +
      ([bed_q_4] >= 2) +
      ([bed_q_5] >= 2) +
      ([bed_q_6] >= 2) +
      ([bed_q_7] >= 2)
  ) >= 3
  and [bed_q_8] <= 1
  and [bed_q_9] = 1,
1,0)";;;;;;;y;;;;;BED diagnostic score indicating presence of binge eating disorder based on questionnaire criteria.
